{"cameraMode":{"drawMode":0,"name":"Shaded","section":"Shading Mode"},"sceneLighting":false,"audioPlay":false,"sceneViewState":{"showFog":true,"showMaterialUpdate":false,"showSkybox":false,"showFlares":true,"showImageEffects":true,"showParticleSystems":true},"in2DMode":false,"pivot":{"x":0.11660325527191162,"y":-0.8163878917694092,"z":0.42134881019592287},"rotation":{"x":-0.5021236538887024,"y":-0.19859091937541963,"z":0.11968961358070374,"w":-0.8331314325332642},"size":4.036792278289795,"orthographic":false}