{"cameraMode":{"drawMode":0,"name":"Shaded","section":"Shading Mode"},"sceneLighting":false,"audioPlay":false,"sceneViewState":{"showFog":true,"showMaterialUpdate":false,"showSkybox":true,"showFlares":true,"showImageEffects":true,"showParticleSystems":true},"in2DMode":false,"pivot":{"x":60.783634185791019,"y":8.802288055419922,"z":77.57173919677735},"rotation":{"x":-0.3029000759124756,"y":-0.09414082020521164,"z":0.030082834884524347,"w":-0.9478840827941895},"size":122.52781677246094,"orthographic":false}