{"cameraMode":{"drawMode":0,"name":"Shaded","section":"Shading Mode"},"sceneLighting":false,"audioPlay":false,"sceneViewState":{"showFog":true,"showMaterialUpdate":false,"showSkybox":false,"showFlares":true,"showImageEffects":true,"showParticleSystems":true},"in2DMode":false,"pivot":{"x":0.152720645070076,"y":-0.03585571050643921,"z":-0.11214911192655564},"rotation":{"x":-0.25283628702163699,"y":0.7074142098426819,"z":-0.3057836592197418,"w":-0.5849234461784363},"size":1.556044340133667,"orthographic":false}