{"cameraMode":{"drawMode":0,"name":"Shaded","section":"Shading Mode"},"sceneLighting":false,"audioPlay":false,"sceneViewState":{"showFog":true,"showMaterialUpdate":false,"showSkybox":false,"showFlares":true,"showImageEffects":true,"showParticleSystems":true},"in2DMode":false,"pivot":{"x":0.0,"y":-1.4901161193847657e-8,"z":0.5149999856948853},"rotation":{"x":-0.047734495252370837,"y":-0.6985073089599609,"z":0.04679868370294571,"w":-0.7124737501144409},"size":30.52722930908203,"orthographic":false}